TF_ENTREZID	TF_ENSEMBL	TF_UNIPROT	TF_SYMBOL
NA	NA	A0A023HHK9	NA
NA	NA	A0A075B6J1	NA
NA	NA	A0A126GW21	NA
79733	ENSG00000129173	A0AVK6	E2F8
389549	ENSG00000128610	A0PJY2	FEZF1
NA	NA	A2NVP9	NA
162967	ENSG00000182986	A2RRD8	ZNF320
55814	ENSG00000145734	A6H8Y1	BDP1
55814	ENSG00000274803	A6H8Y1	BDP1
55814	ENSG00000273873	A6H8Y1	BDP1
NA	NA	A6NDR6	NA
100131017	ENSG00000205903	A6NFI3	ZNF316
NA	NA	A6NGD5	NA
23347	ENSG00000101596	A6NHR9	SMCHD1
342933	ENSG00000197213	A6NJL1	ZSCAN5B
146540	ENSG00000197162	A8K8V0	ZNF785
57491	ENSG00000286169	A9YTQ3	AHRR
100128927	ENSG00000179627	B2RXF5	ZBTB42
100507679	ENSG00000261272	E2RYF6	MUC22
NA	NA	O00110	NA
4221	ENSG00000133895	O00255	MEN1
6829	ENSG00000196235	O00267	SUPT5H
2116	ENSG00000105672	O00321	ETV2
406	ENSG00000133794	O00327	ARNTL
2304	ENSG00000178919	O00358	FOXE1
1112	ENSG00000053254	O00409	FOXN3
4211	ENSG00000143995	O00470	MEIS1
22936	ENSG00000118985	O00472	ELL2
2494	ENSG00000116833	O00482	NR5A2
4781	ENSG00000147862	O00712	NFIB
1871	ENSG00000112242	O00716	E2F3
8289	ENSG00000117713	O14497	ARID1A
8553	ENSG00000134107	O14503	BHLHE40
8625	ENSG00000064490	O14593	RFXANK
1105	ENSG00000153922	O14646	CHD1
1106	ENSG00000173575	O14647	CHD2
8085	ENSG00000167548	O14686	KMT2D
10168	ENSG00000186448	O14709	ZNF197
10168	ENSG00000281709	O14709	ZNF197
10419	ENSG00000100462	O14744	PRMT5
7015	ENSG00000164362	O14746	TERT
4212	ENSG00000134138	O14770	MEIS2
7760	ENSG00000085644	O14771	ZNF213
571	ENSG00000156273	O14867	BACH1
8462	ENSG00000172059	O14901	KLF11
10127	ENSG00000006194	O14978	ZNF263
7514	ENSG00000082898	O14980	XPO1
9739	ENSG00000099381	O15047	SETD1A
23135	ENSG00000132510	O15054	KDM6B
9925	ENSG00000168795	O15062	ZBTB5
6926	ENSG00000135111	O15119	TBX3
51043	ENSG00000160685	O15156	ZBTB7B
8805	ENSG00000122779	O15164	TRIM24
6862	ENSG00000164458	O15178	TBXT
7161	ENSG00000078900	O15350	TP73
8841	ENSG00000171720	O15379	HDAC3
404281	ENSG00000230797	O15391	YY2
93986	ENSG00000128573	O15409	FOXP2
9575	ENSG00000134852	O15516	CLOCK
26257	ENSG00000136327	O15522	NKX2-8
4097	ENSG00000197063	O15525	MAFG
4968	ENSG00000114026	O15527	OGG1
5187	ENSG00000179094	O15534	PER1
7746	ENSG00000137185	O15535	ZSCAN9
7403	ENSG00000147050	O15550	KDM6A
200424	ENSG00000187605	O43151	TET3
9841	ENSG00000112365	O43167	ZBTB24
9128	ENSG00000136875	O43172	PRPF4
NA	NA	O43245	NA
3227	ENSG00000123388	O43248	HOXC11
23543	ENSG00000100320	O43251	RBFOX2
23543	ENSG00000277564	O43251	RBFOX2
9422	ENSG00000083844	O43296	ZNF264
3199	ENSG00000105996	O43364	HOXA2
6899	ENSG00000184058	O43435	TBX1
9139	ENSG00000078699	O43439	CBFA2T2
51360	ENSG00000012174	O43462	MBTPS2
9314	ENSG00000136826	O43474	KLF4
10542	ENSG00000134248	O43504	LAMTOR5
2309	ENSG00000118689	O43524	FOXO3
7517	ENSG00000126215	O43542	XRCC3
6591	ENSG00000019549	O43623	SNAI2
7756	ENSG00000010244	O43670	ZNF207
6943	ENSG00000118526	O43680	TCF21
7541	ENSG00000198081	O43829	ZBTB14
10488	ENSG00000107175	O43889	CREB3
5885	ENSG00000164754	O60216	RAD21
6665	ENSG00000129194	O60248	SOX15
8467	ENSG00000153147	O60264	SMARCA5
23036	ENSG00000188994	O60281	ZNF292
9839	ENSG00000169554	O60315	ZEB2
23028	ENSG00000004487	O60341	KDM1A
26959	ENSG00000105856	O60381	HBP1
26959	ENSG00000283847	O60381	HBP1
10492	ENSG00000135316	O60506	SYNCRIP
1389	ENSG00000111269	O60519	CREBL2
2306	ENSG00000186564	O60548	FOXD2
905	ENSG00000082258	O60583	CCNT2
4010	ENSG00000136944	O60663	LMX1B
7975	ENSG00000198517	O60675	MAFK
9242	ENSG00000178860	O60682	MSC
6940	ENSG00000169131	O60765	ZNF354A
23476	ENSG00000141867	O60885	BRD4
4683	ENSG00000104320	O60934	NBN
8732	ENSG00000111880	O60942	RNGTT
4286	ENSG00000187098	O75030	MITF
863	ENSG00000129993	O75081	CBFA2T3
9831	ENSG00000183309	O75123	ZNF623
9831	ENSG00000276340	O75123	ZNF623
9889	ENSG00000100426	O75132	ZBED4
5253	ENSG00000197724	O75151	PHF2
9877	ENSG00000058673	O75152	ZC3H11A
9682	ENSG00000066135	O75164	KDM4A
4849	ENSG00000088038	O75175	CNOT3
4849	ENSG00000277114	O75175	CNOT3
4849	ENSG00000274176	O75175	CNOT3
4849	ENSG00000274941	O75175	CNOT3
4849	ENSG00000276082	O75175	CNOT3
4849	ENSG00000275979	O75175	CNOT3
4849	ENSG00000273943	O75175	CNOT3
4849	ENSG00000274616	O75175	CNOT3
4849	ENSG00000277615	O75175	CNOT3
4849	ENSG00000277600	O75175	CNOT3
23309	ENSG00000127511	O75182	SIN3B
7764	ENSG00000171940	O75362	ZNF217
5309	ENSG00000107859	O75364	PITX3
9611	ENSG00000141027	O75376	NCOR1
10522	ENSG00000177030	O75398	DEAF1
10522	ENSG00000282712	O75398	DEAF1
4094	ENSG00000178573	O75444	MAF
8819	ENSG00000164105	O75446	SAP30
1876	ENSG00000169016	O75461	E2F6
25799	ENSG00000083812	O75467	ZNF324
8856	ENSG00000144852	O75469	NR1I2
11168	ENSG00000164985	O75475	PSIP1
8726	ENSG00000074266	O75530	EED
8928	ENSG00000160973	O75593	FOXH1
9247	ENSG00000124827	O75603	GCM2
639	ENSG00000057657	O75626	PRDM1
11169	ENSG00000198554	O75717	WDHD1
7743	ENSG00000136870	O75820	ZNF189
8609	ENSG00000118263	O75840	KLF7
8554	ENSG00000033800	O75925	PIAS1
9219	ENSG00000149480	O94776	MTA2
9878	ENSG00000092203	O94842	TOX4
22943	ENSG00000107984	O94907	DKK1
51585	ENSG00000165494	O94913	PCF11
10725	ENSG00000102908	O94916	NFAT5
23030	ENSG00000127663	O94953	KDM4B
10614	ENSG00000186834	O94992	HEXIM1
4821	ENSG00000125820	O95096	NKX2-2
7753	ENSG00000166261	O95125	ZNF202
7755	ENSG00000122386	O95201	ZNF205
25803	ENSG00000124664	O95238	SPDEF
8930	ENSG00000129071	O95243	MBD4
11143	ENSG00000136504	O95251	KAT7
51341	ENSG00000178951	O95365	ZBTB7A
5238	ENSG00000013375	O95394	PGM3
9441	ENSG00000105085	O95402	MED26
7546	ENSG00000043355	O95409	ZIC2
6840	ENSG00000197321	O95425	SVIL
23466	ENSG00000183741	O95503	CBX6
11279	ENSG00000102349	O95600	KLF8
27107	ENSG00000066422	O95625	ZBTB11
4772	ENSG00000131196	O95644	NFATC1
23774	ENSG00000100425	O95696	BRD1
58525	ENSG00000011451	O95785	WIZ
6615	ENSG00000124216	O95863	SNAI1
23492	ENSG00000100307	O95931	CBX7
8320	ENSG00000163508	O95936	EOMES
9480	ENSG00000119547	O95948	ONECUT2
53615	ENSG00000071655	O95983	MBD3
9232	ENSG00000164611	O95997	PTTG1
9421	ENSG00000113196	O96004	HAND1
9189	ENSG00000214717	O96006	ZBED1
7468	ENSG00000109685	O96028	NSD2
6647	ENSG00000142168	P00441	SOD1
1956	ENSG00000146648	P00533	EGFR
2159	ENSG00000126218	P00742	F10
2353	ENSG00000170345	P01100	FOS
4609	ENSG00000136997	P01106	MYC
3050	ENSG00000130656	P02008	HBZ
4000	ENSG00000160789	P02545	LMNA
2099	ENSG00000091831	P03372	ESR1
268	ENSG00000104899	P03971	AMH
847	ENSG00000121691	P04040	CAT
2908	ENSG00000113580	P04150	NR3C1
4613	ENSG00000134323	P04198	MYCN
7157	ENSG00000141510	P04637	TP53
351	ENSG00000142192	P05067	APP
3725	ENSG00000177606	P05412	JUN
7020	ENSG00000137203	P05549	TFAP2A
3643	ENSG00000171105	P06213	INSR
590	ENSG00000114200	P06276	BCHE
5925	ENSG00000139687	P06400	RB1
5241	ENSG00000082175	P06401	PGR
4869	ENSG00000181163	P06748	NPM1
3183	ENSG00000092199	P07910	HNRNPC
6667	ENSG00000185591	P08047	SP1
3480	ENSG00000140443	P08069	IGF1R
2735	ENSG00000111087	P08151	GLI1
4306	ENSG00000151623	P08235	NR3C2
6625	ENSG00000104852	P08621	SNRNP70
4782	ENSG00000141905	P08651	NFIC
3233	ENSG00000170166	P09016	HOXD4
3215	ENSG00000120075	P09067	HOXB5
5452	ENSG00000028277	P09086	POU2F2
3146	ENSG00000189403	P09429	HMGB1
3217	ENSG00000260027	P09629	HOXB7
3223	ENSG00000197757	P09630	HOXC6
142	ENSG00000143799	P09874	PARP1
3015	ENSG00000164032	P0C0S5	H2AZ1
NA	NA	P0CG00	NA
2736	ENSG00000074047	P10070	GLI2
2737	ENSG00000106571	P10071	GLI3
342945	ENSG00000182318	P10073	ZSCAN22
3104	ENSG00000204859	P10074	ZBTB48
2738	ENSG00000250571	P10075	GLI4
4602	ENSG00000118513	P10242	MYB
4603	ENSG00000185697	P10243	MYBL1
4605	ENSG00000101057	P10244	MYBL2
367	ENSG00000169083	P10275	AR
5914	ENSG00000131759	P10276	RARA
2063	ENSG00000160113	P10588	NR2F6
7025	ENSG00000175745	P10589	NR2F1
5915	ENSG00000077092	P10826	RARB
7067	ENSG00000126351	P10827	THRA
7068	ENSG00000151090	P10828	THRB
3659	ENSG00000125347	P10914	IRF1
1959	ENSG00000122877	P11161	EGR2
4153	ENSG00000165471	P11226	MBL2
2078	ENSG00000157554	P11308	ERG
2260	ENSG00000077782	P11362	FGFR1
7150	ENSG00000198900	P11387	TOP1
7421	ENSG00000111424	P11473	VDR
2101	ENSG00000173153	P11474	ESRRA
4522	ENSG00000100714	P11586	MTHFD1
6722	ENSG00000112658	P11831	SRF
6497	ENSG00000157933	P12755	SKI
6498	ENSG00000136603	P12757	SKIL
6714	ENSG00000197122	P12931	SRC
4066	ENSG00000104903	P12980	LYL1
7520	ENSG00000079246	P13010	XRCC5
7181	ENSG00000120798	P13056	NR2C1
4617	ENSG00000111049	P13349	MYF5
5916	ENSG00000172819	P13631	RARG
7584	ENSG00000169981	P13682	ZNF35
7584	ENSG00000281306	P13682	ZNF35
3660	ENSG00000168310	P14316	IRF2
5451	ENSG00000143190	P14859	POU2F1
3191	ENSG00000104824	P14866	HNRNPL
3191	ENSG00000282947	P14866	HNRNPL
2113	ENSG00000134954	P14921	ETS1
2114	ENSG00000157557	P15036	ETS2
4654	ENSG00000129152	P15172	MYOD1
4656	ENSG00000122180	P15173	MYOG
1386	ENSG00000115966	P15336	ATF2
8061	ENSG00000175592	P15407	FOSL1
2355	ENSG00000075426	P15408	FOSL2
58500	ENSG00000196150	P15622	ZNF250
3096	ENSG00000095951	P15822	HIVEP1
6925	ENSG00000196628	P15884	TCF4
5896	ENSG00000166349	P15918	RAG1
6929	ENSG00000071564	P15923	TCF3
6118	ENSG00000117748	P15927	RPA2
2623	ENSG00000102145	P15976	GATA1
1385	ENSG00000118260	P16220	CREB1
8531	ENSG00000060138	P16989	YBX3
7543	ENSG00000005889	P17010	ZFX
7562	ENSG00000182141	P17019	ZNF708
7564	ENSG00000170631	P17020	ZNF16
7566	ENSG00000154957	P17022	ZNF18
7567	ENSG00000157429	P17023	ZNF19
7568	ENSG00000132010	P17024	ZNF20
7570	ENSG00000165512	P17026	ZNF22
7571	ENSG00000167377	P17027	ZNF23
7572	ENSG00000172466	P17028	ZNF24
7586	ENSG00000106261	P17029	ZKSCAN1
7574	ENSG00000198393	P17031	ZNF26
7587	ENSG00000075407	P17032	ZNF37A
7551	ENSG00000166526	P17036	ZNF3
90075	ENSG00000168661	P17039	ZNF30
3159	ENSG00000137309	P17096	HMGA1
7553	ENSG00000147789	P17097	ZNF7
7554	ENSG00000278129	P17098	ZNF8
3726	ENSG00000171223	P17275	JUNB
7343	ENSG00000108312	P17480	UBTF
3218	ENSG00000120068	P17481	HOXB8
3214	ENSG00000182742	P17483	HOXB4
3216	ENSG00000108511	P17509	HOXB6
3727	ENSG00000130522	P17535	JUND
6886	ENSG00000162367	P17542	TAL1
11016	ENSG00000170653	P17544	ATF7
1051	ENSG00000172216	P17676	CEBPB
1655	ENSG00000108654	P17844	DDX5
7494	ENSG00000100219	P17861	XBP1
6688	ENSG00000066336	P17947	SPI1
2068	ENSG00000104884	P18074	ERCC2
1958	ENSG00000120738	P18146	EGR1
5786	ENSG00000132670	P18433	PTPRA
116	ENSG00000141433	P18509	ADCYAP1
6651	ENSG00000159140	P18583	SON
7936	ENSG00000204356	P18615	NELFE
7936	ENSG00000231044	P18615	NELFE
7936	ENSG00000206268	P18615	NELFE
7936	ENSG00000229363	P18615	NELFE
7936	ENSG00000206357	P18615	NELFE
7936	ENSG00000233801	P18615	NELFE
466	ENSG00000123268	P18846	ATF1
467	ENSG00000162772	P18847	ATF3
468	ENSG00000128272	P18848	ATF4
22926	ENSG00000118217	P18850	ATF6
2002	ENSG00000126767	P19419	ELK1
2071	ENSG00000163161	P19447	ERCC3
7942	ENSG00000112561	P19484	TFEB
7030	ENSG00000068323	P19532	TFE3
7490	ENSG00000184937	P19544	WT1
6256	ENSG00000186350	P19793	RXRA
4790	ENSG00000109320	P19838	NFKB1
6908	ENSG00000112592	P20226	TBP
5454	ENSG00000184486	P20265	POU3F2
9572	ENSG00000126368	P20393	NR1D1
4001	ENSG00000113368	P20700	LMNB1
3202	ENSG00000106004	P20719	HOXA5
602	ENSG00000069399	P20749	BCL3
6927	ENSG00000135100	P20823	HNF1A
7556	ENSG00000256223	P21506	ZNF10
6872	ENSG00000147133	P21675	TAF1
4831	ENSG00000243678	P22392	NME2
654364	ENSG00000011052	P22392	NME1-NME2
7391	ENSG00000158773	P22415	USF1
3010	ENSG00000187475	P22492	H1-6
5989	ENSG00000132005	P22670	RFX1
5989	ENSG00000288283	P22670	RFX1
3164	ENSG00000123358	P22736	NR4A1
6421	ENSG00000116560	P23246	SFPQ
7283	ENSG00000131462	P23258	TUBG1
4618	ENSG00000111046	P23409	MYF6
4800	ENSG00000001167	P23511	NFYA
5081	ENSG00000009709	P23759	PAX7
5077	ENSG00000135903	P23760	PAX3
2624	ENSG00000179348	P23769	GATA2
2625	ENSG00000107485	P23771	GATA3
7597	ENSG00000089775	P24278	ZBTB25
7026	ENSG00000185551	P24468	NR2F2
1017	ENSG00000123374	P24941	CDK2
324	ENSG00000134982	P25054	APC
4172	ENSG00000112118	P25205	MCM3
4801	ENSG00000120837	P25208	NFYB
6046	ENSG00000204256	P25440	BRD2
6046	ENSG00000234507	P25440	BRD2
6046	ENSG00000230678	P25440	BRD2
6046	ENSG00000234704	P25440	BRD2
6046	ENSG00000236227	P25440	BRD2
6046	ENSG00000215077	P25440	BRD2
6046	ENSG00000235307	P25440	BRD2
7528	ENSG00000100811	P25490	YY1
4004	ENSG00000166407	P25800	LMO1
4792	ENSG00000100906	P25963	NFKBIA
1786	ENSG00000130816	P26358	DNMT1
5080	ENSG00000007372	P26367	PAX6
11338	ENSG00000063244	P26368	U2AF2
3148	ENSG00000164104	P26583	HMGB2
5725	ENSG00000011304	P26599	PTBP1
7538	ENSG00000128016	P26651	ZFP36
5595	ENSG00000102882	P27361	MAPK3
405	ENSG00000143437	P27540	ARNT
6117	ENSG00000132383	P27694	RPA1
5693	ENSG00000100804	P28074	PSMB5
2005	ENSG00000158711	P28324	ELK4
5828	ENSG00000164751	P28328	PEX2
7003	ENSG00000187079	P28347	TEAD1
3235	ENSG00000128709	P28356	HOXD9
4487	ENSG00000163132	P28360	MSX1
6594	ENSG00000102038	P28370	SMARCA1
7593	ENSG00000099326	P28698	MZF1
6257	ENSG00000204231	P28702	RXRB
6257	ENSG00000227322	P28702	RXRB
6257	ENSG00000228333	P28702	RXRB
6257	ENSG00000231321	P28702	RXRB
6257	ENSG00000235712	P28702	RXRB
6257	ENSG00000206289	P28702	RXRB
5933	ENSG00000080839	P28749	RBL1
2961	ENSG00000197265	P29084	GTF2E2
5927	ENSG00000073614	P29375	KDM5A
5371	ENSG00000140464	P29590	PML
894	ENSG00000118971	P30279	CCND2
3206	ENSG00000253293	P31260	HOXA10
3203	ENSG00000106006	P31267	HOXA6
3204	ENSG00000122592	P31268	HOXA7
3205	ENSG00000078399	P31269	HOXA9
3209	ENSG00000106031	P31271	HOXA13
3224	ENSG00000037965	P31273	HOXC8
3225	ENSG00000180806	P31274	HOXC9
3229	ENSG00000123364	P31276	HOXC13
3237	ENSG00000128713	P31277	HOXD11
3195	ENSG00000107807	P31314	TLX1
3187	ENSG00000169045	P31943	HNRNPH1
3187	ENSG00000284254	P31943	HNRNPH1
5013	ENSG00000115507	P32242	OTX1
5015	ENSG00000165588	P32243	OTX2
1997	ENSG00000120690	P32519	ELF1
4261	ENSG00000179583	P33076	CIITA
4174	ENSG00000100297	P33992	MCM5
4176	ENSG00000166508	P33993	MCM7
1499	ENSG00000168036	P35222	CTNNB1
648	ENSG00000168283	P35226	BMI1
100532731	ENSG00000269897	P35226	COMMD3-BMI1
7703	ENSG00000277258	P35227	PCGF2
7703	ENSG00000278644	P35227	PCGF2
2962	ENSG00000125651	P35269	GTF2F1
6095	ENSG00000069667	P35398	RORA
4488	ENSG00000120149	P35548	MSX2
2521	ENSG00000089280	P35637	FUS
1649	ENSG00000175197	P35638	DDIT3
8021	ENSG00000126883	P35658	NUP214
7913	ENSG00000124795	P35659	DEK
6928	ENSG00000275410	P35680	HNF1B
6928	ENSG00000276194	P35680	HNF1B
6660	ENSG00000134532	P35711	SOX5
55553	ENSG00000110693	P35712	SOX6
6664	ENSG00000176887	P35716	SOX11
4629	ENSG00000133392	P35749	MYH11
4629	ENSG00000276480	P35749	MYH11
196	ENSG00000106546	P35869	AHR
6932	ENSG00000081059	P36402	TCF7
7629	ENSG00000065029	P36508	ZNF76
6720	ENSG00000072310	P36956	SREBF1
5468	ENSG00000132170	P37231	PPARG
6935	ENSG00000148516	P37275	ZEB1
27316	ENSG00000147274	P38159	RBMX
672	ENSG00000012048	P38398	BRCA1
8161	ENSG00000121058	P38432	COIL
1523	ENSG00000257923	P39880	CUX1
5087	ENSG00000185630	P40424	PBX1
5089	ENSG00000204304	P40425	PBX2
5089	ENSG00000225987	P40425	PBX2
5089	ENSG00000237344	P40425	PBX2
5089	ENSG00000232005	P40425	PBX2
5089	ENSG00000236353	P40425	PBX2
5089	ENSG00000206315	P40425	PBX2
5089	ENSG00000224952	P40425	PBX2
5090	ENSG00000167081	P40426	PBX3
6774	ENSG00000168610	P40763	STAT3
3397	ENSG00000125968	P41134	ID1
2119	ENSG00000244405	P41161	ETV5
604	ENSG00000113916	P41182	BCL6
2120	ENSG00000139083	P41212	ETV6
6658	ENSG00000134595	P41225	SOX3
8242	ENSG00000126012	P41229	KDM5C
3172	ENSG00000101076	P41235	HNF4A
2004	ENSG00000111145	P41970	ELK3
6772	ENSG00000115415	P42224	STAT1
6778	ENSG00000166888	P42226	STAT6
6776	ENSG00000126561	P42229	STAT5A
2475	ENSG00000198793	P42345	MTOR
4300	ENSG00000171843	P42568	MLLT3
836	ENSG00000164305	P42574	CASP3
23029	ENSG00000188739	P42696	RBM34
2118	ENSG00000175832	P43268	ETV4
4929	ENSG00000153234	P43354	NR4A2
2626	ENSG00000136574	P43694	GATA4
2626	ENSG00000285109	P43694	GATA4
7080	ENSG00000136352	P43699	NKX2-1
23468	ENSG00000094916	P45973	CBX5
546	ENSG00000085224	P46100	ATRX
1027	ENSG00000111276	P46527	CDKN1B
4851	ENSG00000148400	P46531	NOTCH1
10413	ENSG00000137693	P46937	YAP1
1044	ENSG00000113722	P47902	CDX1
3400	ENSG00000172201	P47928	ID4
4199	ENSG00000065833	P48163	ME1
5990	ENSG00000087903	P48378	RFX2
5991	ENSG00000080298	P48380	RFX3
5993	ENSG00000143390	P48382	RFX5
6657	ENSG00000181449	P48431	SOX2
6662	ENSG00000125398	P48436	SOX9
7182	ENSG00000177463	P49116	NR2C2
1024	ENSG00000132964	P49336	CDK8
408	ENSG00000137486	P49407	ARRB1
1058	ENSG00000115163	P49450	CENPA
3198	ENSG00000105991	P49639	HOXA1
10664	ENSG00000102974	P49711	CTCF
1050	ENSG00000245848	P49715	CEBPA
1052	ENSG00000221869	P49716	CEBPD
4171	ENSG00000073111	P49736	MCM2
58517	ENSG00000119707	P49756	RBM25
9972	ENSG00000124789	P49790	NUP153
7718	ENSG00000197279	P49910	ZNF165
3110	ENSG00000130675	P50219	MNX1
4223	ENSG00000106511	P50222	MEOX2
9355	ENSG00000106689	P50458	LHX2
4601	ENSG00000119950	P50539	MXI1
2077	ENSG00000105722	P50548	ERF
2115	ENSG00000006468	P50549	ETV1
429	ENSG00000139352	P50553	ASCL1
1022	ENSG00000134058	P50613	CDK7
1022	ENSG00000277273	P50613	CDK7
1025	ENSG00000136807	P50750	CDK9
8087	ENSG00000114416	P51114	FXR1
9513	ENSG00000129245	P51116	FXR2
6097	ENSG00000143365	P51449	RORC
55769	ENSG00000167766	P51522	ZNF83
7637	ENSG00000198040	P51523	ZNF84
6595	ENSG00000080503	P51531	SMARCA2
6597	ENSG00000127616	P51532	SMARCA4
675	ENSG00000139618	P51587	BRCA2
4204	ENSG00000169057	P51608	MECP2
3054	ENSG00000172534	P51610	HCFC1
6777	ENSG00000173757	P51692	STAT5B
7712	ENSG00000147117	P51786	ZNF157
7592	ENSG00000147124	P51814	ZNF41
4299	ENSG00000172493	P51825	AFF1
190	ENSG00000169297	P51843	NR0B1
3068	ENSG00000143321	P51858	HDGF
6773	ENSG00000170581	P52630	STAT2
2958	ENSG00000140307	P52657	GTF2A2
7692	ENSG00000125846	P52736	ZNF133
7695	ENSG00000196646	P52737	ZNF136
7699	ENSG00000196387	P52738	ZNF140
7691	ENSG00000131849	P52740	ZNF132
7693	ENSG00000213762	P52741	ZNF134
7697	ENSG00000197008	P52744	ZNF138
7702	ENSG00000166478	P52747	ZNF143
8091	ENSG00000149948	P52926	HMGA2
3651	ENSG00000139515	P52945	PDX1
4928	ENSG00000110713	P52948	NUP98
1482	ENSG00000183072	P52952	NKX2-5
2354	ENSG00000125740	P53539	FOSB
1054	ENSG00000153879	P53567	CEBPG
7290	ENSG00000100084	P54198	HIRA
7013	ENSG00000147601	P54274	TERF1
7376	ENSG00000131408	P55055	NR1H2
2150	ENSG00000164251	P55085	F2RL1
1002	ENSG00000179242	P55283	CDH4
1002	ENSG00000280641	P55283	CDH4
2290	ENSG00000176165	P55316	FOXG1
3169	ENSG00000129514	P55317	FOXA1
3171	ENSG00000170608	P55318	FOXA3
5316	ENSG00000160199	P55347	PKNOX1
5897	ENSG00000175097	P55895	RAG2
1745	ENSG00000144355	P56177	DLX1
1750	ENSG00000006377	P56179	DLX6
4150	ENSG00000103495	P56270	MAZ
9759	ENSG00000068024	P56524	HDAC4
1488	ENSG00000175029	P56545	CTBP2
6663	ENSG00000100146	P56693	SOX10
30812	ENSG00000005513	P57073	SOX8
51274	ENSG00000109787	P57682	KLF3
7675	ENSG00000197961	P58317	ZNF121
129025	ENSG00000169548	P59817	ZNF280A
129025	ENSG00000275499	P59817	ZNF280A
353274	ENSG00000185219	P59923	ZNF445
353274	ENSG00000283034	P59923	ZNF445
5728	ENSG00000171862	P60484	PTEN
5728	ENSG00000284792	P60484	PTEN
9318	ENSG00000166200	P61201	COPS2
4149	ENSG00000125952	P61244	MAX
9464	ENSG00000164107	P61296	HAND2
3670	ENSG00000016082	P61371	ISL1
6613	ENSG00000188612	P61956	SUMO2
11091	ENSG00000196363	P61964	WDR5
3190	ENSG00000165119	P61978	HNRNPK
9519	ENSG00000028839	P62380	TBPL1
7341	ENSG00000116030	P63165	SUMO1
7329	ENSG00000103275	P63279	UBE2I
4904	ENSG00000065978	P67809	YBX1
1457	ENSG00000101266	P68400	CSNK2A1
5307	ENSG00000069011	P78337	PITX1
6733	ENSG00000135250	P78362	SRPK2
10265	ENSG00000176842	P78411	IRX5
79191	ENSG00000177508	P78415	IRX3
4825	ENSG00000163623	P78426	NKX6-1
5591	ENSG00000253729	P78527	PRKDC
1999	ENSG00000163435	P78545	ELF3
10951	ENSG00000108468	P83916	CBX1
4088	ENSG00000166949	P84022	SMAD3
6428	ENSG00000112081	P84103	SRSF3
221937	ENSG00000164916	P85037	FOXK1
158586	ENSG00000198455	P98169	ZXDB
4303	ENSG00000184481	P98177	FOXO4
3201	ENSG00000197576	Q00056	HOXA4
7019	ENSG00000108064	Q00059	TFAM
2959	ENSG00000137947	Q00403	GTF2B
3222	ENSG00000172789	Q00444	HOXC5
3222	ENSG00000273046	Q00444	HOXC5
3297	ENSG00000185122	Q00613	HSF1
3297	ENSG00000284774	Q00613	HSF1
4791	ENSG00000077150	Q00653	NFKB2
10379	ENSG00000213928	Q00978	IRF9
10379	ENSG00000285048	Q00978	IRF9
4193	ENSG00000135679	Q00987	MDM2
7307	ENSG00000160201	Q01081	U2AF1
102724594	ENSG00000275895	Q01081	U2AF1L5
1869	ENSG00000101412	Q01094	E2F1
3607	ENSG00000141568	Q01167	FOXK2
861	ENSG00000159216	Q01196	RUNX1
5971	ENSG00000104856	Q01201	RELB
2313	ENSG00000151702	Q01543	FLI1
7023	ENSG00000090447	Q01664	TFAP4
6304	ENSG00000182568	Q01826	SATB1
2130	ENSG00000182944	Q01844	EWSR1
5460	ENSG00000204531	Q01860	POU5F1
5460	ENSG00000233911	Q01860	POU5F1
5460	ENSG00000229094	Q01860	POU5F1
5460	ENSG00000230336	Q01860	POU5F1
5460	ENSG00000235068	Q01860	POU5F1
5460	ENSG00000206454	Q01860	POU5F1
5460	ENSG00000237582	Q01860	POU5F1
6689	ENSG00000269404	Q01892	SPIB
4205	ENSG00000068305	Q02078	MEF2A
4207	ENSG00000213999	Q02080	BORCS8-MEF2B
100271849	ENSG00000213999	Q02080	MEF2B
6668	ENSG00000167182	Q02086	SP2
2983	ENSG00000061918	Q02153	GUCY1B1
3398	ENSG00000115738	Q02363	ID2
6671	ENSG00000105866	Q02446	SP4
6670	ENSG00000172845	Q02447	SP3
3399	ENSG00000117318	Q02535	ID3
3399	ENSG00000283060	Q02535	ID3
5079	ENSG00000196092	Q02548	PAX5
4807	ENSG00000171786	Q02575	NHLH1
5604	ENSG00000169032	Q02750	MAP2K1
7155	ENSG00000077097	Q02880	TOP2B
9586	ENSG00000146592	Q02930	CREB5
5076	ENSG00000075891	Q02962	PAX2
3087	ENSG00000152804	Q03014	HHEX
1390	ENSG00000095794	Q03060	CREM
4298	ENSG00000130382	Q03111	MLLT1
2122	ENSG00000085276	Q03112	MECOM
4297	ENSG00000118058	Q03164	KMT2A
5467	ENSG00000112033	Q03181	PPARD
84823	ENSG00000176619	Q03252	LMNB2
2074	ENSG00000225830	Q03468	ERCC6
10153	ENSG00000115816	Q03701	CEBPZ
7639	ENSG00000105750	Q03923	ZNF85
7639	ENSG00000278091	Q03923	ZNF85
3298	ENSG00000025156	Q03933	HSF2
168374	ENSG00000146757	Q03936	ZNF92
5970	ENSG00000173039	Q04206	RELA
7090	ENSG00000140332	Q04726	TLE3
2016	ENSG00000135638	Q04741	EMX1
5588	ENSG00000065675	Q04759	PRKCQ
5966	ENSG00000162924	Q04864	REL
7337	ENSG00000114062	Q05086	UBE3A
4084	ENSG00000059728	Q05195	MXD1
7704	ENSG00000109906	Q05516	ZBTB16
2019	ENSG00000163064	Q05925	EN1
54799	ENSG00000011258	Q05BQ5	MBTD1
3516	ENSG00000168214	Q06330	RBPJ
4208	ENSG00000081189	Q06413	MEF2C
862	ENSG00000079102	Q06455	RUNX1T1
2551	ENSG00000154727	Q06546	GABPA
2553	ENSG00000104064	Q06547	GABPB1
6015	ENSG00000204227	Q06587	RING1
6015	ENSG00000226788	Q06587	RING1
6015	ENSG00000228520	Q06587	RING1
6015	ENSG00000235107	Q06587	RING1
6015	ENSG00000231115	Q06587	RING1
6015	ENSG00000206287	Q06587	RING1
5888	ENSG00000051180	Q06609	RAD51
7849	ENSG00000125618	Q06710	PAX8
7581	ENSG00000189180	Q06730	ZNF33A
1960	ENSG00000179388	Q06889	EGR3
6659	ENSG00000124766	Q06945	SOX4
677	ENSG00000185650	Q07352	ZFP36L1
1746	ENSG00000115844	Q07687	DLX2
5465	ENSG00000186951	Q07869	PPARA
6426	ENSG00000136450	Q07955	SRSF1
2305	ENSG00000111206	Q08050	FOXM1
6429	ENSG00000116350	Q08170	SRSF4
6749	ENSG00000149136	Q08945	SSRP1
5934	ENSG00000103479	Q08999	RBL2
5928	ENSG00000162521	Q09028	RBBP4
2033	ENSG00000100393	Q09472	EP300
125893	ENSG00000180257	Q0VGE8	ZNF816
1628	ENSG00000105516	Q10586	DBP
6721	ENSG00000198911	Q12772	SREBF2
2308	ENSG00000150907	Q12778	FOXO1
2975	ENSG00000077235	Q12789	GTF3C1
7024	ENSG00000135457	Q12800	TFCP2
6598	ENSG00000099956	Q12824	SMARCB1
6598	ENSG00000275837	Q12824	SMARCB1
2186	ENSG00000171634	Q12830	BPTF
4774	ENSG00000162599	Q12857	NFIA
7158	ENSG00000067369	Q12888	TP53BP1
7711	ENSG00000204920	Q12901	ZNF155
3609	ENSG00000129351	Q12906	ILF3
2294	ENSG00000103241	Q12946	FOXF1
2295	ENSG00000137273	Q12947	FOXF2
2296	ENSG00000054598	Q12948	FOXC1
4775	ENSG00000072736	Q12968	NFATC3
7709	ENSG00000116809	Q13105	ZBTB17
10036	ENSG00000167670	Q13111	CHAF1A
8208	ENSG00000159259	Q13112	CHAF1B
7071	ENSG00000155090	Q13118	KLF10
5978	ENSG00000084093	Q13127	REST
6018	ENSG00000117000	Q13129	RLF
10062	ENSG00000025434	Q13133	NR1H3
23435	ENSG00000120948	Q13148	TARDBP
11335	ENSG00000122565	Q13185	CBX3
6909	ENSG00000121068	Q13207	TBX2
1161	ENSG00000049167	Q13216	ERCC8
8683	ENSG00000111786	Q13242	SRSF9
10155	ENSG00000130726	Q13263	TRIM28
2516	ENSG00000136931	Q13285	NR5A1
6502	ENSG00000145604	Q13309	SKP2
472	ENSG00000149311	Q13315	ATM
9112	ENSG00000182979	Q13330	MTA1
11262	ENSG00000079263	Q13342	SP140
10661	ENSG00000105610	Q13351	KLF1
1487	ENSG00000159692	Q13363	CTBP1
10520	ENSG00000121417	Q13398	ZNF211
4998	ENSG00000085840	Q13415	ORC1
4999	ENSG00000115942	Q13416	ORC2
3611	ENSG00000166333	Q13418	ILK
10320	ENSG00000185811	Q13422	IKZF1
7518	ENSG00000152422	Q13426	XRCC4
6949	ENSG00000070814	Q13428	TCOF1
4773	ENSG00000101096	Q13469	NFATC2
4089	ENSG00000141646	Q13485	SMAD4
6618	ENSG00000104976	Q13487	SNAPC2
8878	ENSG00000161011	Q13501	SQSTM1
8878	ENSG00000284099	Q13501	SQSTM1
10215	ENSG00000205927	Q13516	OLIG2
3065	ENSG00000116478	Q13547	HDAC1
4760	ENSG00000162992	Q13562	NEUROD1
3663	ENSG00000128604	Q13568	IRF5
8451	ENSG00000139842	Q13619	CUL4A
1859	ENSG00000157540	Q13627	DYRK1A
3914	ENSG00000196878	Q13751	LAMB3
864	ENSG00000020633	Q13761	RUNX3
8031	ENSG00000266412	Q13772	NCOA4
687	ENSG00000119138	Q13886	KLF9
688	ENSG00000102554	Q13887	KLF5
860	ENSG00000124813	Q13950	RUNX2
865	ENSG00000067955	Q13951	CBFB
4802	ENSG00000066136	Q13952	NFYC
7716	ENSG00000136451	Q14119	VEZF1
9667	ENSG00000130254	Q14151	SAFB2
7027	ENSG00000198176	Q14186	TFDP1
7029	ENSG00000114126	Q14188	TFDP2
7486	ENSG00000165392	Q14191	WRN
9203	ENSG00000147130	Q14202	ZMYM3
4863	ENSG00000149308	Q14207	NPAT
1870	ENSG00000007968	Q14209	E2F2
1870	ENSG00000282899	Q14209	E2F2
7706	ENSG00000121060	Q14258	TRIM25
1444	ENSG00000204414	Q14406	CSHL1
3280	ENSG00000114315	Q14469	HES1
4779	ENSG00000082641	Q14494	NFE2L1
9584	ENSG00000131051	Q14498	RBM39
3090	ENSG00000177374	Q14526	HIC1
3174	ENSG00000164749	Q14541	HNF4G
11144	ENSG00000100206	Q14565	DMC1
10608	ENSG00000123933	Q14582	MXD4
10781	ENSG00000174652	Q14584	ZNF266
3661	ENSG00000126456	Q14653	IRF3
8243	ENSG00000072501	Q14683	SMC1A
23054	ENSG00000198646	Q14686	NCOA6
6775	ENSG00000138378	Q14765	STAT4
84733	ENSG00000173894	Q14781	CBX2
4209	ENSG00000116604	Q14814	MEF2D
1108	ENSG00000111642	Q14839	CHD4
84159	ENSG00000150347	Q14865	ARID5B
10589	ENSG00000175550	Q14919	DRAP1
169841	ENSG00000175787	Q14929	ZNF169
4776	ENSG00000100968	Q14934	NFATC4
4776	ENSG00000285485	Q14934	NFATC4
56970	ENSG00000087152	Q14CW9	ATXN7L3
23512	ENSG00000178691	Q15022	SUZ12
9869	ENSG00000143379	Q15047	SETDB1
8019	ENSG00000169925	Q15059	BRD3
7705	ENSG00000167635	Q15072	ZNF146
10682	ENSG00000147155	Q15125	EBP
4841	ENSG00000147140	Q15233	NONO
5929	ENSG00000117222	Q15291	RBBP5
3662	ENSG00000137265	Q15306	IRF4
10771	ENSG00000015171	Q15326	ZMYND11
1875	ENSG00000133740	Q15329	E2F5
5093	ENSG00000169564	Q15365	PCBP1
5094	ENSG00000197111	Q15366	PCBP2
6294	ENSG00000160633	Q15424	SAFB
6495	ENSG00000126778	Q15475	SIX1
6760	ENSG00000141380	Q15532	SS18
6879	ENSG00000178913	Q15545	TAF7
7014	ENSG00000132604	Q15554	TERF2
7004	ENSG00000197905	Q15561	TEAD4
8463	ENSG00000074219	Q15562	TEAD2
7050	ENSG00000177426	Q15583	TGIF1
10499	ENSG00000140396	Q15596	NCOA2
9319	ENSG00000071539	Q15645	TRIP13
9324	ENSG00000118418	Q15651	HMGN3
7291	ENSG00000122691	Q15672	TWIST1
7727	ENSG00000103343	Q15697	ZNF174
1998	ENSG00000109381	Q15723	ELF2
4665	ENSG00000166886	Q15742	NAB2
1053	ENSG00000092067	Q15744	CEBPE
7745	ENSG00000198315	Q15776	ZKSCAN8
4761	ENSG00000171532	Q15784	NEUROD2
8648	ENSG00000084676	Q15788	NCOA1
4087	ENSG00000175387	Q15796	SMAD2
4086	ENSG00000170365	Q15797	SMAD1
7392	ENSG00000105698	Q15853	USF2
2146	ENSG00000106462	Q15910	EZH2
463	ENSG00000140836	Q15911	ZFHX3
10773	ENSG00000186130	Q15916	ZBTB6
NA	NA	Q16158	NA
4780	ENSG00000116044	Q16236	NFE2L2
1874	ENSG00000205250	Q16254	E2F4
10538	ENSG00000156127	Q16520	BATF
1407	ENSG00000008405	Q16526	CRY1
3131	ENSG00000108924	Q16534	HLF
1432	ENSG00000112062	Q16539	MAPK14
8187	ENSG00000196793	Q16600	ZNF239
4778	ENSG00000123405	Q16621	NFE2
6432	ENSG00000115875	Q16629	SRSF7
5450	ENSG00000110777	Q16633	POU2AF1
6901	ENSG00000102125	Q16635	TAZ
6606	ENSG00000172062	Q16637	SMN1
6606	ENSG00000205571	Q16637	SMN1
6606	ENSG00000273772	Q16637	SMN1
6606	ENSG00000275349	Q16637	SMN1
6606	ENSG00000277773	Q16637	SMN1
6607	ENSG00000205571	Q16637	SMN2
6607	ENSG00000273772	Q16637	SMN2
6607	ENSG00000277773	Q16637	SMN2
4783	ENSG00000165030	Q16649	NFIL3
4899	ENSG00000106459	Q16656	NRF1
3091	ENSG00000100644	Q16665	HIF1A
7741	ENSG00000197062	Q16670	ZSCAN26
10873	ENSG00000151376	Q16798	ME3
64864	ENSG00000181827	Q2KHR2	RFX7
23090	ENSG00000102935	Q2M1K9	ZNF423
79364	ENSG00000070476	Q2QGD7	ZXDC
163049	ENSG00000173875	Q3KP31	ZNF791
126375	ENSG00000180884	Q3KQV3	ZNF792
84436	ENSG00000167555	Q3MIS6	ZNF528
222696	ENSG00000187987	Q3MJ62	ZSCAN23
339324	ENSG00000254004	Q3ZCT1	ZNF260
342908	ENSG00000176222	Q494X3	ZNF404
58486	ENSG00000236287	Q49AG3	ZBED5
51574	ENSG00000174720	Q4G0J3	LARP7
51742	ENSG00000054267	Q4LE39	ARID4B
9687	ENSG00000196208	Q4ZG55	GREB1
92285	ENSG00000245680	Q52M93	ZNF585B
200186	ENSG00000160741	Q53ET0	CRTC2
84124	ENSG00000160908	Q53GI3	ZNF394
22837	ENSG00000082438	Q53SF7	COBLL1
157570	ENSG00000171320	Q56NI9	ESCO2
90321	ENSG00000196214	Q5HY98	ZNF766
63934	ENSG00000198046	Q5HYK9	ZNF667
128209	ENSG00000171872	Q5JT82	KLF17
6621	ENSG00000165684	Q5SXM2	SNAPC4
149076	ENSG00000160094	Q5T0B9	ZNF362
59269	ENSG00000127124	Q5T1R4	HIVEP3
114991	ENSG00000157657	Q5T7W0	ZNF618
54973	ENSG00000127054	Q5TA45	INTS11
388585	ENSG00000197921	Q5TA89	HES5
388585	ENSG00000273529	Q5TA89	HES5
90874	ENSG00000143067	Q5TEC3	ZNF697
286826	ENSG00000183814	Q5TKA1	LIN9
26149	ENSG00000274349	Q5TYW1	ZNF658
8328	ENSG00000165702	Q5VTD9	GFI1B
24149	ENSG00000171467	Q5VUA4	ZNF318
83860	ENSG00000165632	Q5VWG9	TAF3
1877	ENSG00000167967	Q66K89	E4F1
196528	ENSG00000189079	Q68CP9	ARID2
284309	ENSG00000152443	Q68DI1	ZNF776
199777	ENSG00000188171	Q68DY1	ZNF626
65123	ENSG00000143624	Q68E01	INTS3
65123	ENSG00000262826	Q68E01	INTS3
9849	ENSG00000177853	Q6AHZ1	ZNF518A
285349	ENSG00000144792	Q6AZW8	ZNF660
285349	ENSG00000280661	Q6AZW8	ZNF660
389058	ENSG00000204335	Q6BEB4	SP5
5324	ENSG00000181690	Q6DJT9	PLAG1
29781	ENSG00000025770	Q6IBW4	NCAPH2
54989	ENSG00000198146	Q6IQ21	ZNF770
79977	ENSG00000083307	Q6ISB3	GRHL2
25836	ENSG00000164190	Q6KC79	NIPBL
NA	NA	Q6LC06	NA
54790	ENSG00000168769	Q6N021	TET2
54816	ENSG00000137871	Q6N043	ZNF280D
54816	ENSG00000285253	Q6N043	ZNF280D
79618	ENSG00000147421	Q6NT76	HMBOX1
155061	ENSG00000181220	Q6NUN9	ZNF746
342132	ENSG00000196391	Q6NX45	ZNF774
27300	ENSG00000198131	Q6NX49	ZNF544
23210	ENSG00000070495	Q6NYC1	JMJD6
284119	ENSG00000177469	Q6NZI2	CAVIN1
79577	ENSG00000134371	Q6P1J9	CDC73
54862	ENSG00000132024	Q6P1N0	CC2D1A
54862	ENSG00000288293	Q6P1N0	CC2D1A
57711	ENSG00000186020	Q6P280	ZNF529
162239	ENSG00000184517	Q6P2D0	ZFP1
162239	ENSG00000285178	Q6P2D0	ZFP1
4798	ENSG00000170322	Q6P4R8	NFRKB
348327	ENSG00000183647	Q6P9A1	ZNF530
256051	ENSG00000121406	Q6P9A3	ZNF549
203523	ENSG00000173275	Q6P9G9	ZNF449
9646	ENSG00000198730	Q6PD62	CTR9
139628	ENSG00000189299	Q6PJQ5	FOXR2
10463	ENSG00000014824	Q6PML9	SLC30A9
79692	ENSG00000181315	Q6U7Q0	ZNF322
81608	ENSG00000145216	Q6UN15	FIP1L1
55729	ENSG00000171681	Q6VMQ6	ATF7IP
359787	ENSG00000187569	Q6W0C5	DPPA3
54880	ENSG00000183337	Q6W2J9	BCOR
80853	ENSG00000006459	Q6ZMT4	KDM7A
121536	ENSG00000139154	Q6ZN18	AEBP2
64763	ENSG00000105732	Q6ZN55	ZNF574
152518	ENSG00000170448	Q6ZNB6	NFXL1
619279	ENSG00000164684	Q6ZNC4	ZNF704
162966	ENSG00000189190	Q6ZNG1	ZNF600
284443	ENSG00000196268	Q6ZR52	ZNF493
10847	ENSG00000080603	Q6ZRS2	SRCAP
389114	ENSG00000182983	Q6ZS27	ZNF662
166793	ENSG00000168826	Q6ZSB9	ZBTB49
285268	ENSG00000172888	Q6ZSS3	ZNF621
10194	ENSG00000179981	Q6ZSZ6	TSHZ1
64764	ENSG00000182158	Q70SY1	CREB3L2
81857	ENSG00000104973	Q71SY5	MED25
55252	ENSG00000143970	Q76L83	ASXL2
6830	ENSG00000109111	Q7KZ85	SUPT6H
51780	ENSG00000120733	Q7LBC6	KDM3B
84844	ENSG00000100410	Q7RTV0	PHF5A
23064	ENSG00000107290	Q7Z333	SETX
166968	ENSG00000155545	Q7Z3K6	MIER3
84717	ENSG00000167674	Q7Z4V5	HDGFL2
56946	ENSG00000158636	Q7Z589	EMSY
168544	ENSG00000181444	Q7Z7K2	ZNF467
54993	ENSG00000176371	Q7Z7L9	ZSCAN2
84333	ENSG00000180628	Q86SE9	PCGF5
10009	ENSG00000177485	Q86T24	ZBTB33
115196	ENSG00000172006	Q86TJ5	ZNF554
56339	ENSG00000165819	Q86U44	METTL3
8861	ENSG00000198728	Q86U70	LDB1
55193	ENSG00000163939	Q86U86	PBRM1
79673	ENSG00000181894	Q86UD4	ZNF329
51385	ENSG00000164048	Q86UQ0	ZNF589
54897	ENSG00000130940	Q86V15	CASZ1
57862	ENSG00000119725	Q86VK4	ZNF410
100101467	ENSG00000186814	Q86W11	ZSCAN30
10498	ENSG00000142453	Q86X55	CARM1
342926	ENSG00000197928	Q86XU0	ZNF677
30832	ENSG00000177932	Q86Y25	ZNF354C
79728	ENSG00000083093	Q86YC2	PALB2
54815	ENSG00000167491	Q86YP4	GATAD2A
201514	ENSG00000171574	Q8IVC4	ZNF584
284306	ENSG00000152433	Q8IVP9	ZNF547
10620	ENSG00000179361	Q8IVW6	ARID3B
23269	ENSG00000174197	Q8IWI9	MGA
84295	ENSG00000156531	Q8IWS0	PHF6
146050	ENSG00000140265	Q8IWY8	ZSCAN29
57594	ENSG00000215271	Q8IX15	HOMEZ
152687	ENSG00000272602	Q8IYB9	ZNF595
26009	ENSG00000036549	Q8IYH5	ZZZ3
10346	ENSG00000132274	Q8IYM9	TRIM22
80778	ENSG00000196378	Q8IZ26	ZNF34
283248	ENSG00000167771	Q8IZ40	RCOR2
94039	ENSG00000181896	Q8IZC7	ZNF101
NA	NA	Q8IZH1	NA
NA	NA	Q8IZM8	NA
93649	ENSG00000141052	Q8IZQ8	MYOCD
55311	ENSG00000167685	Q8N0Y2	ZNF444
57708	ENSG00000198160	Q8N108	MIER1
284406	ENSG00000181007	Q8N141	ZFP82
255877	ENSG00000161940	Q8N143	BCL6B
57805	ENSG00000158941	Q8N163	CCAR2
147912	ENSG00000177045	Q8N196	SIX5
57592	ENSG00000143373	Q8N1G0	ZNF687
116039	ENSG00000164920	Q8N2R0	OSR2
51588	ENSG00000105229	Q8N2W9	PIAS4
54531	ENSG00000105556	Q8N344	MIER2
144348	ENSG00000179195	Q8N3J9	ZNF664
10735	ENSG00000101972	Q8N3U4	STAG2
254251	ENSG00000178177	Q8N3X6	LCORL
79605	ENSG00000177614	Q8N414	PGBD5
283933	ENSG00000176723	Q8N446	ZNF843
23429	ENSG00000163602	Q8N488	RYBP
23429	ENSG00000281766	Q8N488	RYBP
93134	ENSG00000171469	Q8N587	ZNF561
84619	ENSG00000197114	Q8N5A5	ZGPAT
84524	ENSG00000144161	Q8N5P1	ZC3H8
57621	ENSG00000181472	Q8N680	ZBTB2
51548	ENSG00000077463	Q8N6T7	SIRT6
158506	ENSG00000175809	Q8N7E2	CBLL2
54623	ENSG00000006712	Q8N7H5	PAF1
163059	ENSG00000197647	Q8N7K0	ZNF433
80110	ENSG00000142556	Q8N883	ZNF614
167465	ENSG00000178175	Q8N895	ZNF366
163115	ENSG00000196381	Q8N8C0	ZNF781
130557	ENSG00000163795	Q8N8E2	ZNF513
126069	ENSG00000177599	Q8N8L2	ZNF491
285676	ENSG00000178187	Q8N9F8	ZNF454
54971	ENSG00000172530	Q8N9N5	BANP
162963	ENSG00000167554	Q8N9Z0	ZNF610
91133	ENSG00000154655	Q8NA19	L3MBTL4
163033	ENSG00000218891	Q8NAF0	ZNF579
201516	ENSG00000180532	Q8NAM6	ZSCAN4
118472	ENSG00000198546	Q8NB15	ZNF511
221656	ENSG00000165097	Q8NB78	KDM1B
148979	ENSG00000174332	Q8NBF1	GLIS1
163071	ENSG00000178150	Q8NC26	ZNF114
147808	ENSG00000179922	Q8NCA9	ZNF784
55355	ENSG00000123485	Q8NCD3	HJURP
29068	ENSG00000196323	Q8NCP5	ZBTB44
55609	ENSG00000056277	Q8ND82	ZNF280C
57209	ENSG00000198105	Q8NDW4	ZNF248
283337	ENSG00000139651	Q8NDX6	ZNF740
169792	ENSG00000107249	Q8NEA6	GLIS3
147694	ENSG00000188785	Q8NEK5	ZNF548
340252	ENSG00000173041	Q8NEM1	ZNF680
55578	ENSG00000102710	Q8NEM7	SUPT20H
148254	ENSG00000186300	Q8NEP9	ZNF555
58508	ENSG00000055609	Q8NEZ4	KMT2C
57492	ENSG00000049618	Q8NFD5	ARID1B
80312	ENSG00000138336	Q8NFU7	TET1
84678	ENSG00000089094	Q8NHM5	KDM2B
140612	ENSG00000196867	Q8NHY6	ZFP28
125997	ENSG00000230522	Q8NHZ7	MBD3L2
140690	ENSG00000124092	Q8NI51	CTCFL
147837	ENSG00000188868	Q8TA94	ZNF563
79753	ENSG00000163877	Q8TAD8	SNIP1
6601	ENSG00000139613	Q8TAQ2	SMARCC2
159296	ENSG00000119919	Q8TAU0	NKX2-3
65982	ENSG00000121413	Q8TBC5	ZSCAN18
22893	ENSG00000140320	Q8TBE0	BAHD1
91392	ENSG00000196653	Q8TBZ5	ZNF502
91392	ENSG00000281448	Q8TBZ5	ZNF502
169270	ENSG00000172748	Q8TC21	ZNF596
22847	ENSG00000168813	Q8TCN5	ZNF507
57541	ENSG00000197024	Q8TD17	ZNF398
136259	ENSG00000266265	Q8TD94	KLF14
121340	ENSG00000170374	Q8TDD2	SP7
57822	ENSG00000158055	Q8TE85	GRHL3
84444	ENSG00000104885	Q8TEK3	DOT1L
148327	ENSG00000143578	Q8TEY5	CREB3L4
147686	ENSG00000196724	Q8TF45	ZNF418
171017	ENSG00000126746	Q8TF68	ZNF384
25888	ENSG00000142528	Q8WTR7	ZNF473
80854	ENSG00000145391	Q8WTS6	SETD7
2976	ENSG00000115207	Q8WUA4	GTF3C2
57798	ENSG00000157259	Q8WUU5	GATAD1
123169	ENSG00000166477	Q8WVC0	LEO1
10274	ENSG00000118007	Q8WVM7	STAG1
92906	ENSG00000143889	Q8WVV9	HNRNPLL
57459	ENSG00000143614	Q8WXI9	GATAD2B
57459	ENSG00000261992	Q8WXI9	GATAD2B
26053	ENSG00000158321	Q8WXX7	AUTS2
56987	ENSG00000114439	Q8WY36	BBX
84289	ENSG00000168395	Q8WYH8	ING5
122953	ENSG00000140044	Q8WYK2	JDP2
7923	ENSG00000204228	Q92506	HSD17B8
7923	ENSG00000228712	Q92506	HSD17B8
7923	ENSG00000225312	Q92506	HSD17B8
7923	ENSG00000228357	Q92506	HSD17B8
7923	ENSG00000232357	Q92506	HSD17B8
7923	ENSG00000112474	Q92506	HSD17B8
8314	ENSG00000163930	Q92560	BAP1
9794	ENSG00000161021	Q92585	MAML1
9794	ENSG00000283780	Q92585	MAML1
9640	ENSG00000166716	Q92610	ZNF592
2971	ENSG00000122034	Q92664	GTF3A
2100	ENSG00000140009	Q92731	ESR2
7022	ENSG00000087510	Q92754	TFAP2C
3066	ENSG00000196591	Q92769	HDAC2
5977	ENSG00000133884	Q92785	DPF2
5629	ENSG00000117707	Q92786	PROX1
1387	ENSG00000005339	Q92793	CREBBP
8148	ENSG00000270647	Q92804	TAF15
8148	ENSG00000276833	Q92804	TAF15
10481	ENSG00000159184	Q92826	HOXB13
2648	ENSG00000108773	Q92830	KAT2A
8850	ENSG00000114166	Q92831	KAT2B
3720	ENSG00000008083	Q92833	JARID2
474	ENSG00000172238	Q92858	ATOH1
5976	ENSG00000005007	Q92900	UPF1
2627	ENSG00000141448	Q92908	GATA6
6599	ENSG00000173473	Q92922	SMARCC1
1748	ENSG00000108813	Q92988	DLX4
10524	ENSG00000172977	Q92993	KAT5
2972	ENSG00000185024	Q92994	BRF1
7874	ENSG00000187555	Q93009	USP7
9968	ENSG00000184634	Q93074	MED12
89884	ENSG00000121454	Q969G2	LHX4
6605	ENSG00000073584	Q969G3	SMARCE1
83746	ENSG00000100395	Q969R5	L3MBTL2
90441	ENSG00000173545	Q969S3	ZNF622
56937	ENSG00000124225	Q969W9	PMEPA1
64843	ENSG00000159556	Q96A47	ISL2
57326	ENSG00000163346	Q96AQ6	PBXIP1
144455	ENSG00000165891	Q96AV8	E2F7
90993	ENSG00000157613	Q96BA8	CREB3L1
51317	ENSG00000135365	Q96BD5	PHF21A
79862	ENSG00000188295	Q96BR6	ZNF669
653121	ENSG00000160062	Q96BR9	ZBTB8A
80152	ENSG00000102901	Q96BT3	CENPT
286075	ENSG00000181135	Q96C28	ZNF707
286075	ENSG00000274352	Q96C28	ZNF707
147807	ENSG00000171443	Q96C55	ZNF524
57117	ENSG00000138785	Q96CB8	INTS12
115560	ENSG00000186446	Q96CX3	ZNF501
115560	ENSG00000281661	Q96CX3	ZNF501
65986	ENSG00000205189	Q96DT7	ZBTB10
23411	ENSG00000096717	Q96EB6	SIRT1
116412	ENSG00000152475	Q96EG3	ZNF837
57215	ENSG00000168286	Q96EK4	THAP11
10445	ENSG00000187778	Q96EZ8	MCRS1
1663	ENSG00000013573	Q96FC9	DDX11
6494	ENSG00000213445	Q96FS4	SIPA1
56941	ENSG00000183624	Q96FZ2	HMCES
10782	ENSG00000171606	Q96GC6	ZNF274
90649	ENSG00000256229	Q96H40	ZNF486
79744	ENSG00000105136	Q96HQ0	ZNF419
84991	ENSG00000134453	Q96I25	RBM17
84839	ENSG00000173976	Q96IS3	RAX2
23119	ENSG00000169635	Q96JB3	HIC2
283489	ENSG00000198824	Q96JM3	CHAMP1
80829	ENSG00000186660	Q96JP5	ZFP91
84874	ENSG00000144026	Q96K75	ZNF514
57473	ENSG00000196700	Q96KM6	ZNF512B
10919	ENSG00000204371	Q96KQ7	EHMT2
10919	ENSG00000232045	Q96KQ7	EHMT2
10919	ENSG00000236759	Q96KQ7	EHMT2
10919	ENSG00000227333	Q96KQ7	EHMT2
10919	ENSG00000238134	Q96KQ7	EHMT2
10919	ENSG00000206376	Q96KQ7	EHMT2
10919	ENSG00000224143	Q96KQ7	EHMT2
57634	ENSG00000183495	Q96L91	EP400
117608	ENSG00000178338	Q96LW1	ZNF354B
64288	ENSG00000235109	Q96LW9	ZSCAN31
146434	ENSG00000167981	Q96LX8	ZNF597
84450	ENSG00000243943	Q96ME7	ZNF512
132625	ENSG00000179059	Q96MM3	ZFP42
118738	ENSG00000265763	Q96MN9	ZNF488
147741	ENSG00000198028	Q96MR9	ZNF560
197320	ENSG00000170100	Q96MU6	ZNF778
197407	ENSG00000180035	Q96MX3	ZNF48
7627	ENSG00000162086	Q96N20	ZNF75A
91603	ENSG00000198783	Q96NB3	ZNF830
148156	ENSG00000167785	Q96NG5	ZNF558
147948	ENSG00000018869	Q96NG8	ZNF582
124961	ENSG00000180787	Q96NJ6	ZFP3
114026	ENSG00000141946	Q96PE6	ZIM3
10432	ENSG00000239306	Q96PK6	RBM14
100526737	ENSG00000248643	Q96PK6	RBM14-RBM4
57693	ENSG00000130803	Q96PQ6	ZNF317
NA	NA	Q96Q04	NA
221120	ENSG00000166199	Q96Q83	ALKBH3
91975	ENSG00000145908	Q96RE9	ZNF300
9971	ENSG00000012504	Q96RI1	NR1H4
23152	ENSG00000079432	Q96RK0	CIC
56897	ENSG00000124535	Q96S55	WRNIP1
6732	ENSG00000096063	Q96SB4	SRPK1
84913	ENSG00000168874	Q96SQ7	ATOH8
84911	ENSG00000161298	Q96SR6	ZNF382
25942	ENSG00000169375	Q96ST3	SIN3A
85416	ENSG00000139800	Q96T25	ZIC5
64783	ENSG00000162775	Q96T37	RBM15
84684	ENSG00000168348	Q96T92	INSM2
6938	ENSG00000140262	Q99081	TCF12
8929	ENSG00000109132	Q99453	PHOX2B
988	ENSG00000096401	Q99459	CDC5L
6045	ENSG00000121481	Q99496	RNF2
54737	ENSG00000196199	Q99549	MPHOSPH8
54738	ENSG00000163497	Q99581	FEV
4335	ENSG00000070444	Q99583	MNT
10472	ENSG00000179456	Q99592	ZBTB18
6910	ENSG00000089225	Q99593	TBX5
7005	ENSG00000007866	Q99594	TEAD3
2000	ENSG00000102034	Q99607	ELF4
1316	ENSG00000067082	Q99612	KLF6
11331	ENSG00000215021	Q99623	PHB2
1045	ENSG00000165556	Q99626	CDX2
7738	ENSG00000096654	Q99676	ZNF184
2672	ENSG00000162676	Q99684	GFI1
4090	ENSG00000113658	Q99717	SMAD5
10280	ENSG00000147955	Q99720	SIGMAR1
4824	ENSG00000167034	Q99801	NKX3-1
2034	ENSG00000116016	Q99814	EPAS1
10969	ENSG00000117395	Q99848	EBNA1BP2
1820	ENSG00000116017	Q99856	ARID3A
3276	ENSG00000126457	Q99873	PRMT1
430	ENSG00000183734	Q99929	ASCL2
25988	ENSG00000172273	Q9BQA5	HINFP
58495	ENSG00000125850	Q9BRP0	OVOL2
90780	ENSG00000163348	Q9BRQ0	PYGO2
93474	ENSG00000277462	Q9BS34	ZNF670
7549	ENSG00000275111	Q9BSG1	ZNF2
84765	ENSG00000161551	Q9BSK1	ZNF577
84759	ENSG00000115289	Q9BSM1	PCGF1
11083	ENSG00000101191	Q9BTC0	DIDO1
57504	ENSG00000057935	Q9BTC8	MTA3
55657	ENSG00000171163	Q9BU19	ZNF692
79149	ENSG00000131848	Q9BUG6	ZSCAN5A
11100	ENSG00000105323	Q9BUJ2	HNRNPUL1
79088	ENSG00000130818	Q9BUY5	ZNF426
65988	ENSG00000169955	Q9BV97	ZNF747
51230	ENSG00000025293	Q9BVI0	PHF20
83463	ENSG00000213347	Q9BW11	MXD3
29803	ENSG00000214022	Q9BWE0	REPIN1
55659	ENSG00000083817	Q9BWM5	ZNF416
83482	ENSG00000261678	Q9BWW7	SCRT1
83482	ENSG00000284923	Q9BWW7	SCRT1
27164	ENSG00000256463	Q9BXA9	SALL3
27164	ENSG00000263310	Q9BXA9	SALL3
27164	ENSG00000277015	Q9BXA9	SALL3
83855	ENSG00000129911	Q9BXK1	KLF16
2177	ENSG00000144554	Q9BXW9	FANCD2
55869	ENSG00000147099	Q9BY41	HDAC8
8284	ENSG00000012817	Q9BY66	KDM5D
84667	ENSG00000179111	Q9BYE0	HES7
84108	ENSG00000156374	Q9BYE7	PCGF6
64332	ENSG00000144802	Q9BYH8	NFKBIZ
84905	ENSG00000131061	Q9BYN7	ZNF341
80714	ENSG00000105717	Q9BYU1	PBX4
60468	ENSG00000112182	Q9BYV9	BACH2
84662	ENSG00000126603	Q9BZE0	GLIS2
84662	ENSG00000274636	Q9BZE0	GLIS2
56751	ENSG00000125492	Q9BZE3	BARHL1
153572	ENSG00000170561	Q9BZI1	IRX2
79718	ENSG00000177565	Q9BZK7	TBL1XR1
50943	ENSG00000049768	Q9BZS1	FOXP3
94234	ENSG00000164379	Q9C009	FOXQ1
85446	ENSG00000136367	Q9C0A1	ZFHX2
80818	ENSG00000125945	Q9C0F3	ZNF436
80818	ENSG00000283009	Q9C0F3	ZNF436
55628	ENSG00000215421	Q9C0G0	ZNF407
79365	ENSG00000123095	Q9C0J9	BHLHE41
64919	ENSG00000127152	Q9C0K0	BCL11B
60436	ENSG00000118707	Q9GZN2	TGIF2
81631	ENSG00000140941	Q9GZQ8	MAP1LC3B
63978	ENSG00000147596	Q9GZV8	PRDM14
59348	ENSG00000256683	Q9GZX5	ZNF350
3231	ENSG00000128645	Q9GZZ0	HOXD1
22803	ENSG00000088930	Q9H0D6	XRN2
79595	ENSG00000136715	Q9H0E3	SAP130
64412	ENSG00000125812	Q9H116	GZF1
3622	ENSG00000168556	Q9H160	ING2
60529	ENSG00000052850	Q9H161	ALX4
53335	ENSG00000119866	Q9H165	BCL11A
63973	ENSG00000178403	Q9H2A3	NEUROG2
64211	ENSG00000089116	Q9H2C1	LHX5
80314	ENSG00000120616	Q9H2F5	EPC1
NA	NA	Q9H2H0	NA
23394	ENSG00000101126	Q9H2P0	ADNP
83881	ENSG00000185155	Q9H2W2	MIXL1
27086	ENSG00000114861	Q9H334	FOXP1
8626	ENSG00000073282	Q9H3D4	TP63
7469	ENSG00000185049	Q9H3P2	NELFA
23081	ENSG00000107077	Q9H3R0	KDM4C
59335	ENSG00000130711	Q9H4Q4	PRDM12
80345	ENSG00000196812	Q9H4T2	ZSCAN16
253738	ENSG00000108001	Q9H4W6	EBF3
63925	ENSG00000198026	Q9H4Z2	ZNF335
84146	ENSG00000122482	Q9H582	ZNF644
79724	ENSG00000169957	Q9H5H4	ZNF768
64376	ENSG00000095574	Q9H5V7	IKZF5
79991	ENSG00000107960	Q9H668	STN1
64321	ENSG00000164736	Q9H6I2	SOX17
81550	ENSG00000083544	Q9H7E2	TDRD3
84148	ENSG00000103510	Q9H7Z6	KAT8
65980	ENSG00000028310	Q9H8M2	BRD9
55893	ENSG00000186918	Q9H8N7	ZNF395
55237	ENSG00000133980	Q9H8Y1	VRTN
79923	ENSG00000111704	Q9H9S0	NANOG
22877	ENSG00000175727	Q9HAP2	MLXIP
22877	ENSG00000281178	Q9HAP2	MLXIP
55290	ENSG00000104221	Q9HAW0	BRF2
23598	ENSG00000100105	Q9HBE1	PATZ1
51616	ENSG00000187325	Q9HBM6	TAF9B
56033	ENSG00000131668	Q9HBU1	BARX1
9915	ENSG00000172379	Q9HBZ2	ARNT2
57332	ENSG00000141570	Q9HC52	CBX8
26137	ENSG00000181722	Q9HC78	ZBTB20
57801	ENSG00000188290	Q9HCC6	HES4
55205	ENSG00000074657	Q9HCE3	ZNF532
57721	ENSG00000145388	Q9HCE5	METTL14
57684	ENSG00000171448	Q9HCK0	ZBTB26
57680	ENSG00000100888	Q9HCK8	CHD8
83439	ENSG00000152284	Q9HCS4	TCF7L1
10363	ENSG00000140382	Q9NP66	HMG20A
29101	ENSG00000160075	Q9NP77	SSU72
55734	ENSG00000020256	Q9NPA5	ZFP64
55892	ENSG00000085274	Q9NPC7	MYNN
10736	ENSG00000170577	Q9NPC8	SIX2
55929	ENSG00000178028	Q9NPF5	DMAP1
29855	ENSG00000118900	Q9NPG3	UBN1
29117	ENSG00000166164	Q9NPI1	BRD7
55802	ENSG00000272886	Q9NPI6	DCP1A
85508	ENSG00000215397	Q9NQ03	SCRT2
56956	ENSG00000143355	Q9NQ69	LHX9
26508	ENSG00000163909	Q9NQ87	HEYL
6934	ENSG00000148737	Q9NQB0	TCF7L2
56981	ENSG00000019485	Q9NQV5	PRDM11
56980	ENSG00000170325	Q9NQV6	PRDM10
56979	ENSG00000164256	Q9NQV7	PRDM9
93166	ENSG00000061455	Q9NQX0	PRDM6
11107	ENSG00000138738	Q9NQX1	PRDM5
55422	ENSG00000130844	Q9NQX6	ZNF331
55900	ENSG00000089335	Q9NR11	ZNF302
9188	ENSG00000165732	Q9NR30	DDX21
55870	ENSG00000116539	Q9NR48	ASH1L
55509	ENSG00000123685	Q9NR55	BATF3
29102	ENSG00000113360	Q9NRR4	DROSHA
2909	ENSG00000160007	Q9NRY4	ARHGAP35
23410	ENSG00000142082	Q9NTG7	SIRT3
9923	ENSG00000184677	Q9NUA8	ZBTB40
55762	ENSG00000167562	Q9NV72	ZNF701
55726	ENSG00000064102	Q9NVM9	INTS13
55145	ENSG00000131931	Q9NVV9	THAP1
55696	ENSG00000086589	Q9NW64	RBM22
54807	ENSG00000083828	Q9NXT0	ZNF586
9774	ENSG00000029363	Q9NYF8	BCLAF1
51755	ENSG00000167258	Q9NYV4	CDK12
57786	ENSG00000146587	Q9NYW8	RBAK
26298	ENSG00000135373	Q9NZC4	EHF
29841	ENSG00000134317	Q9NZI5	GRHL1
7342	ENSG00000153560	Q9NZI7	UBP1
51514	ENSG00000143476	Q9NZJ0	DTL
51816	ENSG00000093072	Q9NZK5	ADA2
7767	ENSG00000267680	Q9NZL3	ZNF224
29998	ENSG00000063169	Q9NZM4	BICRA
55810	ENSG00000065970	Q9P0K8	FOXJ2
51545	ENSG00000171425	Q9P0T4	ZNF581
30827	ENSG00000154832	Q9P0U4	CXXC1
10362	ENSG00000064961	Q9P0W2	HMG20B
57623	ENSG00000066827	Q9P243	ZFAT
55636	ENSG00000171316	Q9P2D1	CHD7
57547	ENSG00000197566	Q9P2J8	ZNF624
473	ENSG00000142599	Q9P2R6	RERE
8932	ENSG00000134046	Q9UBB5	MBD2
1789	ENSG00000088305	Q9UBC3	DNMT3B
10891	ENSG00000109819	Q9UBK2	PPARGC1A
9070	ENSG00000129691	Q9UBL3	ASH2L
10013	ENSG00000094631	Q9UBN7	HDAC6
23493	ENSG00000135547	Q9UBP5	HEY2
8022	ENSG00000107187	Q9UBR4	LHX3
10482	ENSG00000162231	Q9UBU9	NXF1
7750	ENSG00000121741	Q9UBW7	ZMYM2
100288687	ENSG00000260596	Q9UBX2	DUX4
100288687	ENSG00000283949	Q9UBX2	DUX4
8427	ENSG00000170265	Q9UDV7	ZNF282
23361	ENSG00000102870	Q9UEG4	ZNF629
1616	ENSG00000204209	Q9UER7	DAXX
1616	ENSG00000227046	Q9UER7	DAXX
1616	ENSG00000206206	Q9UER7	DAXX
1616	ENSG00000231617	Q9UER7	DAXX
1616	ENSG00000206279	Q9UER7	DAXX
1616	ENSG00000229396	Q9UER7	DAXX
10765	ENSG00000117139	Q9UGL1	KDM5B
10042	ENSG00000100281	Q9UGU5	HMGXB4
9582	ENSG00000179750	Q9UH17	APOBEC3B
1879	ENSG00000164330	Q9UH73	EBF1
6945	ENSG00000108788	Q9UH92	MLX
27125	ENSG00000072364	Q9UHB7	AFF4
7227	ENSG00000104447	Q9UHF7	TRPS1
11218	ENSG00000064703	Q9UHI6	DDX20
51460	ENSG00000163935	Q9UHJ3	SFMBT1
26747	ENSG00000083635	Q9UHK0	NUFIP1
1602	ENSG00000276644	Q9UI36	DACH1
51193	ENSG00000121864	Q9UID6	ZNF639
28999	ENSG00000163884	Q9UIH9	KLF15
4152	ENSG00000141644	Q9UIS9	MBD1
51804	ENSG00000100625	Q9UIU6	SIX4
65243	ENSG00000187801	Q9UJL9	ZFP69B
346157	ENSG00000124613	Q9UJN7	ZNF391
57167	ENSG00000101115	Q9UJQ4	SALL4
51176	ENSG00000138795	Q9UJU2	LEF1
7771	ENSG00000062370	Q9UJU3	ZNF112
27022	ENSG00000187140	Q9UJU5	FOXD3
7766	ENSG00000178386	Q9UK11	ZNF223
7638	ENSG00000159905	Q9UK13	ZNF221
51157	ENSG00000213015	Q9UK33	ZNF580
23272	ENSG00000163946	Q9UK61	TASOR
26205	ENSG00000101216	Q9UKD1	GMEB2
51692	ENSG00000119203	Q9UKF6	CPSF3
23186	ENSG00000089902	Q9UKL0	RCOR1
9994	ENSG00000118412	Q9UKL3	CASP8AP2
9994	ENSG00000288475	Q9UKL3	CASP8AP2
11108	ENSG00000110851	Q9UKN5	PRDM4
22807	ENSG00000030419	Q9UKS7	IKZF2
22806	ENSG00000161405	Q9UKT9	IKZF3
9734	ENSG00000048052	Q9UKV0	HDAC9
27161	ENSG00000123908	Q9UKV8	AGO2
2001	ENSG00000135374	Q9UKW6	ELF5
11244	ENSG00000165156	Q9UKY1	ZHX1
30009	ENSG00000073861	Q9UL17	TBX21
26523	ENSG00000092847	Q9UL18	AGO1
7776	ENSG00000130856	Q9UL36	ZNF236
7761	ENSG00000149050	Q9UL59	ZNF214
27154	ENSG00000096070	Q9ULD4	BRPF3
27153	ENSG00000196453	Q9ULD5	ZNF777
54617	ENSG00000128908	Q9ULG1	INO80
49854	ENSG00000173276	Q9ULJ3	ZBTB21
57178	ENSG00000108175	Q9ULJ6	ZMIZ1
57474	ENSG00000188033	Q9ULM2	ZNF490
23613	ENSG00000101040	Q9ULU4	ZMYND8
3299	ENSG00000102878	Q9ULV5	HSF4
23764	ENSG00000185022	Q9ULX9	MAFF
4854	ENSG00000074181	Q9UM47	NOTCH3
NA	NA	Q9UM89	NA
9757	ENSG00000272333	Q9UMN6	KMT2B
8538	ENSG00000043039	Q9UMQ3	BARX2
9580	ENSG00000143842	Q9UN79	SOX13
23133	ENSG00000172943	Q9UPP1	PHF8
23326	ENSG00000124422	Q9UPT9	USP22
23405	ENSG00000100697	Q9UPY3	DICER1
9126	ENSG00000108055	Q9UQE7	SMC3
10389	ENSG00000102098	Q9UQR0	SCML2
7707	ENSG00000163848	Q9UQR1	ZNF148
10856	ENSG00000183207	Q9Y230	RUVBL2
3170	ENSG00000125798	Q9Y261	FOXA2
8607	ENSG00000175792	Q9Y265	RUVBL1
8607	ENSG00000284901	Q9Y265	RUVBL1
25842	ENSG00000111875	Q9Y294	ASF1A
22809	ENSG00000169136	Q9Y2D1	ATF5
22834	ENSG00000198740	Q9Y2D9	ZNF652
745	ENSG00000124920	Q9Y2G1	MYRF
22869	ENSG00000081386	Q9Y2H8	ZNF510
11240	ENSG00000117115	Q9Y2J8	PADI2
22890	ENSG00000126804	Q9Y2K1	ZBTB1
64344	ENSG00000124440	Q9Y2N7	HIF3A
113835	ENSG00000197134	Q9Y2Q1	ZNF257
9967	ENSG00000054118	Q9Y2W1	THRAP3
10025	ENSG00000175221	Q9Y2X0	MED16
10025	ENSG00000282092	Q9Y2X0	MED16
23528	ENSG00000162702	Q9Y2X9	ZNF281
51621	ENSG00000169926	Q9Y2Y9	KLF13
51621	ENSG00000275746	Q9Y2Y9	KLF13
221527	ENSG00000204366	Q9Y330	ZBTB12
221527	ENSG00000237900	Q9Y330	ZBTB12
221527	ENSG00000234852	Q9Y330	ZBTB12
221527	ENSG00000234196	Q9Y330	ZBTB12
221527	ENSG00000206366	Q9Y330	ZBTB12
50810	ENSG00000166503	Q9Y3E1	HDGFL3
81628	ENSG00000166925	Q9Y3Q8	TSC22D4
7552	ENSG00000147180	Q9Y462	ZNF711
6297	ENSG00000165821	Q9Y467	SALL2
7728	ENSG00000105497	Q9Y473	ZNF175
9603	ENSG00000050344	Q9Y4A8	NFE2L3
55818	ENSG00000115548	Q9Y4C1	KDM3A
11278	ENSG00000118922	Q9Y4X4	KLF12
50674	ENSG00000122859	Q9Y4Z2	NEUROG3
54626	ENSG00000069812	Q9Y543	HES2
7589	ENSG00000166529	Q9Y5A6	ZSCAN21
11198	ENSG00000092201	Q9Y5B9	SUPT16H
23462	ENSG00000164683	Q9Y5J3	HEY1
9935	ENSG00000204103	Q9Y5Q3	MAFB
9328	ENSG00000148308	Q9Y5Q8	GTF3C5
1761	ENSG00000137090	Q9Y5R6	DMRT1
10002	ENSG00000278570	Q9Y5X4	NR2E3
51513	ENSG00000010030	Q9Y603	ETV7
9612	ENSG00000196498	Q9Y618	NCOR2
10691	ENSG00000162419	Q9Y692	GMEB1
1788	ENSG00000119772	Q9Y6K1	DNMT3A
7539	ENSG00000136866	Q9Y6Q3	ZFP37
8202	ENSG00000124151	Q9Y6Q9	NCOA3
26040	ENSG00000152217	Q9Y6X0	SETBP1
22882	ENSG00000178764	Q9Y6X8	ZHX2
22880	ENSG00000133422	Q9Y6X9	MORC2
10625	ENSG00000116679	Q9Y6Y0	IVNS1ABP
NA	NA	X5C3Z9	NA
